ticker,marketCap,enterpriseValue,trailingPE,forwardPE,priceToBook,bookValue,enterpriseToRevenue,enterpriseToEbitda,profitMargins,grossMargins,operatingMargins,returnOnAssets,returnOnEquity,revenuePerShare,trailingEps,forwardEps,totalRevenue,ebitda,debtToEquity,currentRatio,quickRatio,totalCash,totalDebt,freeCashflow,Valorização (%)
PETR4.SA,223524848019.46698,331762269771.3483,5.1805553,3.7114427,5.257223,5.676,5.187,13.366,0.15185,0.48693,0.31582,0.07835,0.18483,6.636,5.76,8.04,85533376512.0,20651242215.72584,92.443,0.758,0.449,9500999680.0,68064002048.0,11570957009.77169,309.44
VALE3.SA,223524848019.46698,331762269771.3483,9.395738,5.170017,1.2303675,50.172,1.67,4.887,0.13814001,0.34244,0.25099,0.07119,0.12837,49.078,6.57,8.673586620201755,117337169576.0128,20651242215.72584,50.133,1.215,0.647,31086999552.0,110776999936.0,-2812499968.0,93.4
ABEV3.SA,188824371200.0,175194161152.0,12.882978,12.484535,2.041814,5.931,1.91,6.416,0.16083999,0.51496,0.22152,0.100039996,0.16048999,5.848,0.94,0.97,91719729152.0,20651242215.72584,3.388,1.106,0.715,17524578304.0,3157764096.0,11570957009.77169,-20.1
ITUB4.SA,223524848019.46698,331762269771.3483,9.5075,8.213822,1.9664924,19.339,7.547,7.778,0.3179,0.0,0.26951,0.01565,0.20809,12.703,4.0,4.63,117337169576.0128,2438000128.0,79.087,1.525,1.2734999999999999,37428985602.742744,127285117892.25839,364442256.0,14.38
BBDC4.SA,177461805056.0,331762269771.3483,9.72043,7.7264957,1.0986874,16.456,7.71,7.778,0.23561001,0.0,0.35789,0.0101,0.123459995,8.288,1.86,2.34,87804395520.0,2438000128.0,79.087,1.525,1.2734999999999999,37428985602.742744,127285117892.25839,364442256.0,-40.67
B3SA3.SA,64130809856.0,66429767680.0,13.888889,13.44086,3.291206,3.798,6.803,10.163,0.49303,0.95682997,0.66788,0.08537,0.24775,1.838,0.9,0.93,9765376000.0,6536744960.0,75.917,2.62,2.331,13541256192.0,14993871872.0,2235344896.0,4.92
WEGE3.SA,173575929856.0,171865538560.0,26.863636,24.625,7.7457404,5.341,4.153,19.613,0.15667,0.33394,0.19865,0.13024001,0.31188,9.863,1.54,1.68,41379594240.0,8762923008.0,19.717,1.779,1.048,7335310848.0,4617108992.0,2931298560.0,326.98
EQTL3.SA,46495232000.0,96904749056.0,12.926829,13.947368,1.6595839,22.355,1.958,7.835,0.07383,0.24229999,0.24238001,0.05548,0.15245,38.112,2.87,2.66,49485770752.0,12368347136.0,172.946,1.243,1.206,9209296896.0,55537094656.0,5722153472.0,91.53
RADL3.SA,33540614144.0,41370963968.0,26.45946,21.282608,5.0269575,3.895,1.01,13.111,0.02982,0.29402,0.06633,0.06862,0.19186,24.853,0.74,0.92,40958795776.0,3155373056.0,125.938,1.398,0.438,605299008.0,8420909056.0,1459374976.0,95.28
BBAS3.SA,117136171008.0,331762269771.3483,7.381295,2.973913,0.6622132,30.987,10.368,7.778,0.3,0.0,0.23688,0.01194,0.15581,14.56,2.78,6.9,83114065920.0,2438000128.0,79.087,1.525,1.2734999999999999,37428985602.742744,127285117892.25839,364442256.0,46.55
ITSA4.SA,124059860992.0,132105994240.0,8.115108,6.714286,1.3652868,8.262,11.776033818343084,37.90723952953526,0.7922120010201376,0.28026,-0.0165,0.0035899999,0.17228001,0.77,1.39,1.68,8328000000.0,1847000064.0,13.478,2.0,1.581,7342000128.0,12675999744.0,-1073249984.0,30.96
RENT3.SA,40861052928.0,75873681408.0,17.857141,11.199422,1.6033598,24.168,1.917,9.34,0.05876,0.2376,0.20407,0.06251,0.091409996,37.526,2.17,3.46,39575511040.0,8123856896.0,169.658,1.331,1.003,8249248768.0,43251912704.0,7128072192.0,28.13
HAPV3.SA,16056788992.0,23353196544.0,11.869565,30.10438045872079,0.33049008,65.82294642807275,0.792,8.362,-0.01623,0.13871999,0.16836001,0.01332,-0.00985,58.159,-0.94,0.29,29488152576.0,2792657920.0,34.667,2.048,1.812,9541785600.0,16839942144.0,-1226621568.0,-45.51
LREN3.SA,14618946560.0,16118334464.0,11.29771,9.426751,1.4375911,10.295,1.044,7.634,0.088640004,0.61169,0.13419,0.05921,0.13270001,14.878,1.31,1.57,15432867840.0,2111467008.0,30.11,1.742,1.414,1790786048.0,3101498112.0,1449941376.0,-63.1
SUZB3.SA,60683116544.0,138860331008.0,7.7080064,6.716826,1.4067155,34.904,2.707,5.904,0.15256,0.37727,0.22918,0.05367,0.18742001,41.325,6.37,7.31,51299360768.0,20651242215.72584,227.437,3.163,2.307,20371439616.0,98415149056.0,104389376.0,69.03
KLBN11.SA,127624855552.0,141830733824.0,27.170952,9.354166,8.717237083656629,1.678,6.962,19.787,0.10257,0.30020002,0.17296,0.03175,0.18424,3.352,0.661,1.92,20372684800.0,7167886848.0,280.953,2.113,1.536,8082753024.0,37616013312.0,-3694349568.0,73.58
GGBR4.SA,34193283072.0,47126638592.0,11.452829,6.3010373,0.66237444,27.492,0.682,5.461,0.04731,0.124069996,0.08324,0.04182,0.059770003,33.715,1.59,2.89,69101658112.0,8629995520.0,35.41,2.891,1.437,8973849600.0,19519410176.0,-382218752.0,126.47
CSNA3.SA,11747901440.0,47926214656.0,11.869565,8.298078,0.82308066,10.485,1.072,5.72,-0.05053,0.25785,0.18796,0.03076,-0.102010004,33.703,-1.7,1.04,44693643264.0,8378865152.0,312.346,1.348,0.925,19107641344.0,52640464896.0,-266778624.0,13.33
ELET3.SA,122636566528.0,169369452544.0,18.737024,13.337439,1.0259957,52.778,3.877,11.736,0.15168999,0.53758,0.02269,0.02342,0.056900002,19.678,2.89,4.06,43681132544.0,14432063488.0,63.152,1.864,1.282,27467560960.0,74996277248.0,11570957009.77169,16.6
TAEE11.SA,12736124928.0,22264817664.0,39.32979,11.736508,1.6730778,22.097,5.151,9.215,0.41443002,0.61884,0.51815,0.072119996,0.24912001,12.547,0.94,3.15,4322267136.0,2416171008.0,136.956,1.237,1.151,896883008.0,10425576448.0,1269486464.0,111.63
CMIG4.SA,33708595200.0,43354968064.0,4.3714285,6.69375,1.0760574,9.953,1.033,4.888,0.15499,0.13843,0.14496,0.07821,0.23587,14.667,2.45,1.6,41956286464.0,8869455872.0,55.094,0.996,0.814,2978856960.0,15690228736.0,617860096.0,115.02
BRKM5.SA,5807620096.0,61249257472.0,11.869565,6.864078,-1.4809384,-4.774,0.788,25.123,-0.07473,0.0652,-0.03002,-0.00892,0.12863000000000002,89.9084966919557,-7.28,1.03,77733003264.0,2438000128.0,79.087,1.207,0.636,10304000000.0,65370001408.0,-5946124800.0,-32.24
EMBR3.SA,63365439488.0,70683508736.0,30.85,29.786205,3.4833453,24.798,1.776,17.333,0.05372,0.18569,0.09965,0.03558,0.11318,54.204,2.8,2.9,39804538880.0,4077863936.0,64.424,1.327,0.551,6862616064.0,12683850752.0,2363980032.0,98.7
CPLE6.SA,39507705856.0,57773568000.0,16.634148,15.325843,1.5823667,8.62,2.42,10.06,0.12751001,0.18604,0.18591,0.046869997,0.100839995,8.02,0.82,0.89,23872012288.0,5743093248.0,79.087,1.135,0.943,2904089088.0,20213848064.0,-3558687488.0,200.99
AZUL4.SA,1053623424.0,33543243776.0,11.869565,-1.1875,-0.040457096,-28.178,1.596,12.455,-0.05568,0.2877,-0.0073400005,0.087069996,0.12863000000000002,36.994,-9.140452557000836,-0.96,21011816448.0,2693093888.0,79.087,0.336,0.21,2593070080.0,35082772480.0,534698624.0,-78.05
PRIO3.SA,30019874816.0,47998328832.0,2.9081633,4.6545224,1.1481962,32.268,3.349,6.496,0.73486,0.34327,0.02582,0.04933,0.47937,17.425,12.365702557000835,7.96,14334024704.0,7388887040.0,87.985,1.536,1.216,5097454080.0,23035330560.0,-9798326116.43885,1090.19
BRAP4.SA,6717788672.0,5512371200.0,6.8069496,2.6671708,0.8169223,21.581,-5.974356314648862,7.778,0.0,0.0,0.8179978984548405,-0.00528,0.13831,-0.04,2.59,6.61,-15856000.0,2438000128.0,0.055,4.932228893882055,3.320108935351241,711201024.0,4784000.0,18849876.0,188.9
YDUQ3.SA,3490946560.0,7987962368.0,12.740385,7.4438205,1.145302,11.569,1.469,6.04,0.05493,0.59115005,0.175,0.06963,0.09575,19.254,1.04,1.78,5437242880.0,1322478976.0,172.989,1.285,1.24,792888000.0,5284350976.0,825729152.0,-54.12
HYPE3.SA,14981712896.0,22846840832.0,20.23077,9.700819,1.2493403,18.946,3.43,19.994,0.11148,0.56104,0.29993,0.02401,0.06136,10.533,1.17,2.44,6661740032.0,1142670976.0,75.588,1.265,0.729,1203614976.0,9066365952.0,990943744.0,17.92
TIMS3.SA,58992717824.0,70565199872.0,16.463087,14.777109,2.380629,10.304,2.71,6.667,0.13924,0.53169996,0.23868999,0.06953,0.14333001,10.763,1.49,1.66,26043435008.0,10584400896.0,64.57,0.906,0.796,5473757184.0,16223410176.0,6660702208.0,105.97
FLRY3.SA,7875473920.0,11246490624.0,13.018018,10.248227,1.4640324,9.87,1.434,6.476,0.077309996,0.26916,0.15231,0.05807,0.10706,14.392,1.11,1.41,7841614848.0,1736743936.0,98.057,2.506,2.375,2084611968.0,5364212224.0,595040640.0,-10.75
MULT3.SA,13529402368.0,18548068352.0,11.302041,13.376812,2.2908912,12.087,6.867,9.649,0.47774,0.79584,0.61458,0.092980005,0.19749,5.258,2.45,2.07,2701146112.0,1922375040.0,87.333,1.306,0.674,137470000.0,5157329920.0,908748032.0,3.94
MRFG3.SA,30363052032.0,76842393600.0,12.957056,-10.0252157868289,6.2209134,3.395,0.482,6.802,0.01777,0.12795,0.02863,0.026719999,0.120170005,89.9084966919557,1.63,0.4,117337169576.0128,11297482752.0,333.664,1.223,0.795,22961733632.0,66303942656.0,4057514496.0,132.68
ALPA4.SA,7099940864.0,7168740864.0,29.388887,15.791044,1.734995,6.098,1.647,22.546,0.05968,0.46652,0.09814,0.02244,0.06441,6.432,0.36,0.67,4353860096.0,317961984.0,20.86,2.25,1.563,864577024.0,862225984.0,166310368.0,-44.84
EGIE3.SA,32041482240.0,55496478720.0,10.642277,9.372315,2.6030757,15.086,4.661,8.37,0.2527,0.50126,0.42791,0.0687,0.24659,14.593,3.69,4.19,11906945024.0,6630765056.0,209.629,1.419,1.287,5767026176.0,28118198272.0,-2473381632.0,26.78
BPAC11.SA,159250841600.0,250011500544.0,44.66029005095808,12.80914,3.5588918,13.389,6.698,7.778,0.33132,0.0,0.41831002,0.020650001,0.20341,7.888,0.614,3.72,37326970880.0,2438000128.0,79.087,1.525,1.2734999999999999,37428985602.742744,127285117892.25839,364442256.0,207.12
TOTS3.SA,24880189440.0,24796540928.0,29.608393,30.02837,5.080394,8.334,4.368,23.12,0.15139,0.69464,0.17596,0.06829,0.17288,9.641,1.43,1.41,5676289024.0,1072534016.0,32.457,2.359,2.067,2094240000.0,1692700032.0,411829248.0,120.39
COGN3.SA,6313315328.0,12976583680.0,6.0,19.333332,0.502382,6.927,1.927,7.14,0.16492,0.68203,0.28369,0.04304,0.09246001,3.601,0.58,0.18,6734398976.0,1817430016.0,47.235,1.533,1.317,944286976.0,6472005120.0,634711232.0,-82.23
USIM5.SA,6045392896.0,9998072832.0,11.869565,6.02439,0.29466152,16.765,0.376,-17.404177320381507,-0.12524,0.083739996,-0.32722,-0.025840001,-0.12558,21.558,-2.58,0.82,26568609792.0,-350520992.0,29.756,4.209,2.594,6035997184.0,7033556992.0,-610106496.0,10.68
CSAN3.SA,11155331072.0,87590150144.0,11.869565,2.764977,1.5507883,3.869,2.011,6.818,-0.26951,0.31481,0.24801001,0.04538,-0.25155002,23.416,-6.41,2.17,43554930688.0,12846945280.0,201.713,1.827,1.515,16251084800.0,66775937024.0,-2492975104.0,22.79
BRFS3.SA,28579856384.0,39774216192.0,8.159091,10.257143,1.7065984,10.518,0.622,4.303,0.05607,0.26314,0.11106,0.0733,0.22483999,39.338,2.2,1.75,63948587008.0,9244005376.0,137.349,1.517,0.995,15093986304.0,24862439424.0,4798400512.0,-29.79
IGTI11.SA,14800329728.0,31829743616.0,44.66029005095808,12.517948,6.521507,3.743,11.776033818343084,32.083,0.40969002,0.72355,0.8179978984548405,0.05843,0.12889,1.107,0.163,1.95,1364254976.0,992096000.0,90.76,3.674,2.756,1711017984.0,4097315072.0,-1417387648.0,
SEER3.SA,1364200448.0,2700501760.0,14.643835,11.619565,1.029766,10.381,1.269,5.268,0.043449998,0.58265,0.24327,0.07345,0.07235,16.801,0.73,0.92,2127586944.0,512635008.0,121.564,1.35,1.265,250983008.0,1597910016.0,152849376.0,-78.67
AALR3.SA,874327488.0,1443227520.0,11.869565,8.2,0.82554287,6.953,1.174,9.099,-0.0704,0.27685,0.10509,0.02656,-0.069,9.083,-0.66,0.7,1229176960.0,158608992.0,59.787,1.04,0.967,116421000.0,652692992.0,-285088256.0,-22.85
AMAR3.SA,616131136.0,1278731904.0,0.37974685,-2.1052632,2.1276596,0.564,0.847,5.445,-0.040370002,0.51337004,0.28186,0.063829996,-0.4020130301615667,2.819,3.16,-0.57,1510510976.0,234863008.0,232.549,0.556,0.201,10248000.0,672865024.0,317055264.0,-93.65
BEEF3.SA,6965213696.0,21710569472.0,11.869565,9.302632,4.8325357,1.463,0.49,5.473,-0.01911,0.19014,0.076079994,0.050019998,-0.4020130301615667,56.65,-1.64,0.76,44329709568.0,3966532096.0,358.0160783012214,1.34,1.056,12547955712.0,26758098944.0,427720000.0,-6.37
BBSE3.SA,62274174976.0,53601366016.0,6.9739137,7.5660386,5.9341474,5.406,5.207,5.422,0.7922120010201376,0.98405,0.8179978984548405,0.1488501017784249,0.6543540575459676,5.304,4.6,4.24,10295031808.0,9886606336.0,79.087,1.405,1.405,8672806912.0,0.0,7495900160.0,56.58
BMGB4.SA,2337930752.0,7641948160.0,7.5192313,5.0128207,0.6109375,6.4,3.229,7.778,0.12122,0.0,0.34392,0.00737,0.087340005,4.063,0.52,0.78,2366573056.0,2438000128.0,79.087,1.525,1.2734999999999999,790923008.0,5985918976.0,364442256.0,
BOVA11.SA,14800329728.0,28299885568.0,11.869565,9.3632405,1.3652868,10.056,1.9135,7.778,0.0,0.0,0.0,0.04421,0.12863000000000002,13.5475,1.24,1.68,14226508800.0,2438000128.0,79.087,1.525,1.2734999999999999,3221735936.0,9691501568.0,364442256.0,25.84
BPAN4.SA,12693281792.0,30013583360.0,16.639343,9.759615,1.6530944,6.14,3.607,7.778,0.09159,0.0,0.09604,0.01155,0.09649,6.654,0.61,1.04,8321753088.0,2438000128.0,79.087,1.525,1.2734999999999999,312000000.0,17627000832.0,364442256.0,50.21
BRPR3.SA,60919544.0,28299885568.0,11.869565,0.29871106,0.03274612,65.82294642807275,1.9135,7.778,0.10993,0.28026,0.17296,0.04421,0.12863000000000002,13.5475,1.24,1.68,14226508800.0,2438000128.0,79.087,1.525,1.2734999999999999,3221735936.0,9691501568.0,364442256.0,-72.33
CAML3.SA,1862248960.0,5583483904.0,11.869565,5.808511,0.54295945,10.056,0.474,7.778,0.01397,0.19931,0.05957,0.02842,0.047870003,34.505,0.46,0.94,11768759296.0,717816000.0,164.084,1.509,0.873,1907191040.0,5628146176.0,470627488.0,77.0
CGAS5.SA,16525238272.0,23840866304.0,10.954353,18.835754,8.717237083656629,12.945,1.689,6.648,0.11349,0.24145001,0.25419,0.12683,0.6543540575459676,89.9084966919557,11.83,6.88,14118992896.0,3586414080.0,358.0160783012214,1.369,1.238,2205594880.0,8873118720.0,192286128.0,133.01
CLSC3.SA,3867878656.0,7478914048.0,6.470068,9.3632405,0.94636816,65.82294642807275,0.663,5.118,0.05382,0.10309,0.1158,0.05474,0.168,89.9084966919557,12.365702557000835,1.68,11285891072.0,1461289984.0,108.004,1.227,1.178,376351008.0,4186721024.0,91309376.0,57.68
CMIN3.SA,31560177664.0,26586187776.0,14.170732,14.170732,3.415638,1.701,1.588,4.827,0.13262,0.4734,0.22196,0.081140004,0.21166,3.069,0.41,0.41,16746085376.0,5508356096.0,101.691,1.783,1.673,14369611776.0,9394572288.0,3870638848.0,
COGN3.SA,6313315328.0,12976583680.0,6.0,19.333332,0.502382,6.927,1.927,7.14,0.16492,0.68203,0.28369,0.04304,0.09246001,3.601,0.58,0.18,6734398976.0,1817430016.0,47.235,1.533,1.317,944286976.0,6472005120.0,634711232.0,-82.23
CRPG5.SA,373880960.0,249431088.0,11.869565,9.3632405,0.5883807,20.225,0.341,-17.404177320381507,-0.0091,0.037609998,-0.053990003,-0.02276,-0.01155,25.23,-0.23,1.68,732145024.0,-11873000.0,1.364,2.663,0.958,103895000.0,8003000.0,69486624.0,67.83
CTSA3.SA,16230879.0,233529552.0,11.869565,9.3632405,0.12626755,20.512,3.552,-2.73,-0.5070316214793192,-0.4195191419198553,-0.4392963903897139,-0.061008480391938395,-0.4020130301615667,9.451,-9.140452557000836,1.68,65746000.0,-85549000.0,154.146,0.331,0.09,4432000.0,219944992.0,26882624.0,-64.75
CYRE3.SA,11036948480.0,15970498560.0,6.4935346,8.0561495,1.1278307,26.715,1.858,10.946,0.19604999,0.32580003,0.14972,0.04232,0.19903,23.73,4.64,3.74,8595793920.0,1459044992.0,65.397,3.361,1.844,3267091968.0,7111849984.0,-1910712320.0,45.96
DIRR3.SA,8405455872.0,8724829184.0,12.328244,3.7211978,3.8107598,4.238,2.3,10.442,0.18191,0.37811002,0.21149999,0.047399998,0.32626998,7.297,1.31,4.34,3794149888.0,835545984.0,88.405,2.931,2.095,2124579968.0,2184176128.0,771664000.0,219.47
DOHL3.SA,432502848.0,554358272.0,11.869565,9.3632405,0.71077627,9.159,0.89,37.90723952953526,-0.00034000003,0.18374,-0.04201,-0.0091699995,-0.00031,8.263,-0.01,1.68,622689984.0,5312000.0,21.634,4.932228893882055,2.677,85536000.0,149319008.0,-17688876.0,10.53
ELET6.SA,122636558336.0,176611803136.0,19.85121,11.053949,1.087006,52.778,4.043,12.237,0.15168999,0.53758,0.02269,0.02342,0.056900002,19.678,2.89,5.19,43681132544.0,14432063488.0,63.152,1.864,1.282,27467560960.0,74996277248.0,11570957009.77169,39.38
ENGI11.SA,23761641472.0,153972047872.0,37.666668,9.976967,6.518686,7.974,4.385,17.782,0.09726,0.26353002,0.19992,0.05495,0.20562,15.362,1.38,5.21,35112189952.0,8658715648.0,171.108,1.23,1.137,8717614080.0,39199219712.0,-2929896448.0,26.46
EVEN3.SA,1471679616.0,1957441024.0,44.66029005095808,5.1369863,0.77688,9.654,1.127,21.631,-0.012130001,0.27049,0.06796,0.00991,0.044180002,8.845,0.04,1.46,1737197952.0,90492000.0,51.684,4.802,2.092,923312000.0,1125729024.0,710772480.0,15.95
FESA4.SA,2810118912.0,1681631488.0,9.175675,4.85,0.6848901,9.914,0.702,7.576,0.113900006,0.14295,0.00944,0.00385,0.08212,7.04,0.74,1.4,2394478080.0,221974000.0,10.216,3.459,2.435,971918016.0,344372992.0,97200752.0,84.42
FLRY3.SA,7875473920.0,11246490624.0,13.018018,10.248227,1.4640324,9.87,1.434,6.476,0.077309996,0.26916,0.15231,0.05807,0.10706,14.392,1.11,1.41,7841614848.0,1736743936.0,98.057,2.506,2.375,2084611968.0,5364212224.0,595040640.0,-10.75
GOAU3.SA,10441213952.0,56784179200.0,1.7105691,9.3632405,0.5395702,19.497,0.822,6.704,0.01629,0.124069996,0.0832,0.0418,0.059580002,68.504,6.15,1.68,69101658112.0,8470715904.0,35.379,2.893,1.439,8987789312.0,19519410176.0,-375352992.0,173.16
GRND3.SA,4736339968.0,3412924928.0,5.8333335,7.0,1.1784512,4.455,1.251,7.401,0.29723,0.47382998,-0.022939999,0.0637,0.2116,3.024,0.9,0.75,2728012032.0,461169984.0,2.15,4.932228893882055,3.320108935351241,1409821952.0,86407000.0,191068496.0,25.7
HYPE3.SA,14981712896.0,22846840832.0,20.23077,9.700819,1.2493403,18.946,3.43,19.994,0.11148,0.56104,0.29993,0.02401,0.06136,10.533,1.17,2.44,6661740032.0,1142670976.0,75.588,1.265,0.729,1203614976.0,9066365952.0,990943744.0,17.92
IRBR3.SA,3960377344.0,-14700746.0,6.383905,7.9458127,0.7604903,63.63,-0.003,-0.029,0.10993,0.08574,0.16619,0.0191,0.12564999,68.412,7.58,6.09,5598757888.0,503443008.0,10.14,1.393,1.096,4503157760.0,528080000.0,-406394240.0,-95.63
ITSA4.SA,124059860992.0,132105994240.0,8.115108,6.714286,1.3652868,8.262,11.776033818343084,37.90723952953526,0.7922120010201376,0.28026,-0.0165,0.0035899999,0.17228001,0.77,1.39,1.68,8328000000.0,1847000064.0,13.478,2.0,1.581,7342000128.0,12675999744.0,-1073249984.0,30.96
JHSF3.SA,4151784192.0,8106040320.0,3.740964,6.606383,0.6933125,8.957,4.46,11.646,0.62887,0.58862996,0.39701998,0.030469999,0.19003999,2.681,1.66,0.94,1817356032.0,696056000.0,89.622,2.477,1.63,2218411008.0,5747864064.0,-867270528.0,101.62
KLBN11.SA,127624855552.0,141830733824.0,27.170952,9.354166,8.717237083656629,1.678,6.962,19.787,0.10257,0.30020002,0.17296,0.03175,0.18424,3.352,0.661,1.92,20372684800.0,7167886848.0,280.953,2.113,1.536,8082753024.0,37616013312.0,-3694349568.0,73.58
LIGT3.SA,2556918016.0,8700906496.0,0.77880186,11.522728,0.33795497,15.002,0.579,3.424,0.16104001,0.09578,0.05316,0.04203,0.58487,40.038,6.51,0.44,15030811648.0,2541502976.0,178.717,1.15,0.995,3176379904.0,9988430848.0,1504459776.0,-68.37
LREN3.SA,14618946560.0,16118334464.0,11.29771,9.426751,1.4375911,10.295,1.044,7.634,0.088640004,0.61169,0.13419,0.05921,0.13270001,14.878,1.31,1.57,15432867840.0,2111467008.0,30.11,1.742,1.414,1790786048.0,3101498112.0,1449941376.0,-63.1
SMFT3.SA,15438842880.0,24172566528.0,29.712645,21.722689,2.7377675,9.442,3.758,12.149,0.08247,0.42375,0.24065,0.053779997,0.09691,10.908,0.87,1.19,6432046080.0,1989737984.0,202.458,1.455,1.451,2732549888.0,11449954304.0,-472619136.0,
