,ticker,marketCap,enterpriseValue,trailingPE,forwardPE,pegRatio,priceToBook,bookValue,enterpriseToRevenue,enterpriseToEbitda,profitMargins,grossMargins,operatingMargins,returnOnAssets,returnOnEquity,revenuePerShare,earningsPerShare,trailingEps,forwardEps,totalRevenue,ebitda,debtToEquity,currentRatio,quickRatio,totalCash,totalDebt,freeCashflow,Cluster
0,PETR4.SA,1.0,1.0,0.20138575018928218,0.24887956654525875,,0.43389840909317384,0.7139010345103556,0.4312181711468225,0.3777952918583598,0.48378881920346173,0.6370721508446833,0.6590521685431034,0.7173128502210024,0.491206369687224,0.4499817454396108,,0.6342316029545352,1.0,1.0,1.0,0.28468989864986494,0.10870464224847903,0.09491179958865516,1.0,1.0,1.0,1
1,VALE3.SA,1.0,1.0,0.16017348860137046,0.26898387534187246,,0.44231275589490243,0.9174612836163386,0.43217718440053,0.38911183571140434,0.5265961264192944,0.5290497307825295,0.5834041173560917,0.6707525783388629,0.5255112140657718,0.578836545131486,,0.8548957126418505,1.0,1.0,1.0,0.15587568686416675,0.2003438245310679,0.14040400697770022,0.6885217383240408,0.8687503769120957,1.0,1
2,ABEV3.SA,1.0,0.7812792791273345,0.4057675153388412,0.6593377909615064,,0.551196040259487,0.41187824730241107,0.4829363859003335,0.4592700634375723,0.5337623622478571,0.650675649642436,0.5640529306246335,0.7870232222279033,0.5397320780709391,0.06859022142184643,,0.47559496688579334,0.22312785717625447,0.7557375156741928,1.0,0.010141936184471243,0.19964250425849703,0.20422401014938213,0.6090637173516881,0.026254721954242725,1.0,0
3,ITUB4.SA,1.0,1.0,0.24181637948074364,0.41278057605637025,,0.5230636919611527,0.566262316431323,0.8280441553416422,0.45923748221726607,0.6541501483038508,0.25962445738704076,0.6721070726841415,0.34920057777628755,0.5961672373735987,0.15223199126261694,,0.6402696756076705,0.6355763204414522,1.0,0.14608141512595285,0.25175001544517395,0.3312569420776233,0.3704833004633022,1.0,1.0,0.47489455535997815,1
4,BBDC4.SA,0.8757629708551227,1.0,0.24377907196714316,0.36790511804057213,,0.433795167651517,0.5352655308445808,0.8754468104534697,0.45923748221726607,0.5888357524735945,0.25962445738704076,0.6275614359559213,0.31621822018381496,0.4825611856219658,0.0925629358547798,,0.5178614754577419,0.37751430380830936,0.6894220731447316,0.14608141512595285,0.25175001544517395,0.3312569420776233,0.3704833004633022,1.0,1.0,0.47489455535997815,1
5,B3SA3.SA,0.3986198745870187,0.28293655913710897,0.4179611575696538,0.6800559223670728,,0.688966165940404,0.3820689373088419,0.8519509857376362,0.5498458558890027,0.807790293533145,0.9892735744664967,0.9360061773760066,0.7086250936576715,0.6342773558118464,0.021508884552100968,,0.4739482197985746,0.21862022369794634,0.07991738480809285,0.3309496846472941,0.2499913865832708,0.4385589437809607,0.6434365447975726,0.43414845233491994,0.1254970403321907,0.5904062116603097,0
6,WEGE3.SA,0.9750922510648725,0.6798500361111702,0.7705811018120866,1.0,,1.0,0.4000157333871057,0.6337754705191826,0.7393165123767312,0.5329110101252023,0.5151346282653884,0.5095497076041151,0.9995357272719609,0.7293399538249354,0.11188823657884446,,0.5074320772386895,0.3031383514162245,0.3300900252975291,0.453059564532549,0.054844752611561604,0.33990655877266357,0.27197139813162907,0.16950884333590865,0.03261937652044986,0.5304316410717725,0
7,EQTL3.SA,0.2516352547440506,0.3615319038988891,0.39120309049053864,0.6328365243597155,,0.4968890280893882,0.599842167483627,0.46752367289432034,0.4804044150095728,0.4577523222484755,0.45098540695542644,0.5149399422986333,0.5339330084505645,0.5117157117368799,0.4330502130831795,,0.5606768997254299,0.41357537163477476,0.3889849101104642,0.5806329778610316,0.5426333461739153,0.23166946337256505,0.3518282226131183,0.3082600154245513,0.44496909152876474,0.7549498029811781,0
8,RADL3.SA,0.13949583821092695,0.1257712744147637,0.5599910537560924,0.7241641784499905,,0.6937596127894754,0.38427250026524534,0.3871720624229715,0.52916764140129,0.42801285683766904,0.4843557774699133,0.378159493313151,0.6186779055410734,0.5677599636590424,0.28247634429960616,,0.46461665297100163,0.21749331532836927,0.3282994953176217,0.1620143846893025,0.362959587701977,0.255280579215783,0.08934800444035468,0.013891950945541475,0.06296533348104406,0.5366348191704592,0
9,BBAS3.SA,0.733620288344347,1.0,0.14571524068152478,0.23152383440246782,,0.4116666219573727,0.7168513604686512,0.9311380801151974,0.45923748221726607,0.6792443885668132,0.25962445738704076,0.5200435519860508,0.342957862359703,0.5703351492322607,0.18971490082409584,,0.6347805186502747,0.891384520335441,0.7627267810516788,0.14608141512595285,0.25175001544517395,0.3312569420776233,0.3704833004633022,1.0,1.0,0.47489455535997815,1
10,ITSA4.SA,0.6615501079782234,0.4979339468364281,0.19830459676620127,0.35500499206964176,,0.46807471241552456,0.4354441289195037,1.0,1.0,1.0,0.47699924851112874,0.32614335729741006,0.28635721639793593,0.5547577148713583,0.009236442823404922,,0.5013940045855542,0.3031383514162245,0.06773441859037127,0.09590544488448502,0.04202358358704308,0.4020902896072774,0.47914094688893505,0.2232458327619584,0.10226399783826427,0.47558231135696794,0
11,JBSS3.SA,0.4882948190815984,0.7516717844562982,0.17716450129858946,0.47128682486991424,,0.5273450216953042,0.5769495967698797,0.36127870457286926,0.4100289791480296,0.4240205939712379,0.37386344840816754,0.3769483124284956,0.6725213484438828,0.6455321843446058,1.0,,0.7286451026217448,0.5848654438104852,1.0,1.0,0.840434969921135,0.3202695911406802,0.23793406310673207,0.8310968763222597,1.0,1.0,1
12,RENT3.SA,0.2483751348863562,0.3127344246467256,0.6427752280996871,0.5801985506246277,,0.49685591526380585,0.6450029660734737,0.4749217751372066,0.5676352021762262,0.444692745998038,0.4105016985221146,0.5190265190707871,0.5240486945179823,0.43730039941543736,0.4284728608875098,,0.5244484638066169,0.5037280412009382,0.3193110591261565,0.34160893074832,0.5119873267021416,0.27491754684776637,0.3161544772504859,0.24486211677208508,0.36121253656252816,0.712151697214623,0
13,HAPV3.SA,0.1163490928781172,0.11052517679282216,0.28672716405862647,0.48148904072610743,,0.3830047803304788,0.4184154840730746,0.3977897091604472,0.6031270114965228,0.38459389858225884,0.3464968566926887,0.38440032222570303,0.3001432176466081,0.33708748773721925,0.045528306660500374,,0.4218012287033135,0.14649808804501557,0.24264328379428146,0.10914437697275595,0.106325171748178,0.3546342844966511,0.47455899794327583,0.28411724970640495,0.1385801487284564,0.40919653263141204,0
14,LREN3.SA,0.10013260316231436,0.07583153867006462,0.3942856184267089,0.5473752129856129,,0.5034076834482863,0.46238880706974844,0.4221760461832948,0.5130507977564552,0.4751182524397218,0.7219002254706689,0.4094930698555059,0.5448577649815692,0.49736836586245914,0.16504157125917213,,0.4920624377579811,0.2907423593508771,0.12199949830599831,0.10618190377710472,0.08894074313764284,0.3312569420776233,0.38553827557046827,0.04870907999320356,0.024401046639738695,0.5324904171479772,0
15,SUZB3.SA,0.33659511753080495,0.5497569412817408,0.28672716405862647,0.3628418805485168,,0.4869619348608142,0.7174267352406012,0.5289690220782928,0.4282310208924658,0.3878009329361906,0.56772470585614,0.5252488547947579,0.5799730538312275,0.32771803459763604,0.46167034122498146,,0.1292291628741115,0.9375877634880997,0.4081070788777068,1.0,0.7767940145150802,0.5519390545132453,0.561943309978348,0.49268671388467855,0.7986470542075226,0.5292319554557269,1
16,KLBN11.SA,0.7057901021492368,0.558619142699356,0.7503178615415986,0.46890507241318224,,1.0,0.3552956473885397,0.8271536430346283,0.7383173549540059,0.47803599320959805,0.4904507377094664,0.43330066569546266,0.4471072053541499,0.5411461412305403,0.03900090901412445,,0.46192696606187755,0.33018415228607356,0.16558933723578353,0.37373499405284827,1.0,0.3988174616686135,0.41663007198744145,0.19388638986168077,0.30907458584927244,0.22580471264808646,0
17,GGBR4.SA,0.16539846184864582,0.15483814233151783,0.244032655606479,0.30428165699165705,,0.393465719851901,0.6759018155288201,0.3714168446834913,0.39890792261682273,0.4433041328271054,0.35691607281096743,0.40425077142396665,0.4994940296596205,0.42315999774465507,0.3844975844362545,,0.5123723185003459,0.4394942641350468,0.5621905630427554,0.4488128885548585,0.08684262244326793,0.5580171635421926,0.365901351517643,0.20587309742359047,0.13048403061456929,0.41089442748505106,0
18,ENBR3.SA,0.09804130625438649,0.12105546689654749,0.28672716405862647,0.46242025782440205,,0.46364434823361594,0.45947520716072604,0.44087680463059087,0.45923748221726607,0.47803599320959805,0.47699924851112874,0.4929352437336722,0.4994419757958828,0.49736836586245914,0.16622094006468913,,0.4887689435835435,0.3020114430466475,0.12620795779658664,0.14608141512595285,0.25175001544517395,0.3312569420776233,0.3704833004633022,0.14079390339582945,0.08453644966114807,0.47489455535997815,0
19,CSNA3.SA,0.059927170858466966,0.1827404006767723,0.28672716405862647,0.4069239531224864,,0.41875737355632386,0.4587039601259848,0.4034752877359987,0.42449504096401347,0.3553751631105521,0.4594666944740252,0.4115456085341411,0.42161610678180533,0.2387599629484389,0.39567239579149904,,0.3169583308170516,0.2310162157632938,0.3700644950041298,0.4234032923541696,1.0,0.32354241907934417,0.3387369399112348,0.6208118503823371,0.4415249402175278,0.41565854814452335,0
20,ELET3.SA,0.5253433155284328,0.5466185123652958,0.2535302324895207,0.49976555509138454,,0.4134196502307808,0.9996174558409145,0.5636990020518426,0.48324984158298695,0.5950431839698468,0.6667490574397804,0.5848464418329704,0.4170901414212255,0.4481873648239183,0.21928085939408476,,0.6561882307841188,0.5713425433755608,0.3452992331276497,0.8627834184054571,0.18815493731377755,0.4761964650755953,0.4127026871768764,0.8090814833702151,0.6107304855466346,0.8637887434212898,1
21,TAEE11.SA,0.06677732961394277,0.08370781357314871,1.0,0.5344232842465736,,0.49306727692881236,0.597259102018065,0.7060439692807111,0.5052530256964878,0.7541964375788179,0.7428526535072074,0.8928197003255014,0.6259090539115956,0.6228270678407075,0.13507859744772208,,0.4750460511900538,0.46879388174404985,0.03286555763074496,0.12110244544293798,0.4340938313022279,0.3740374787044441,0.5099054612383611,0.023864755708086088,0.08453644966114807,0.5309519429274382,0
22,CMIG4.SA,0.20414892106227503,0.16138850683854428,0.09739713072446536,0.3621823266537516,,0.4432336239307819,0.4573818223521427,0.401762764068664,0.3955411965185083,0.5461937563495396,0.3762801593677683,0.4644863133713741,0.6930703212635263,0.6549936075763568,0.16622094006468913,,0.5601279840296903,0.2941230844596082,0.33481928505779374,0.48361980459601633,0.17137303024375533,0.1884213798973637,0.23106113968824327,0.14079390339582945,0.12775536407807064,0.5257737418705366,0
23,BRKM5.SA,0.04963152634690501,0.2504508656589177,0.28672716405862647,0.5134600520089082,,0.15965567079189968,0.2728579087862009,0.38744606620974514,0.7952693280493656,0.3065257354902448,0.3183018954973468,0.3368868255162128,0.23532299660309913,0.49736836586245914,1.0,,0.0,0.22988930739371674,0.6508722017027467,0.15055946541047077,0.25175001544517395,0.24873492333845532,0.19735108673089333,0.39063717618074156,0.5627252958592763,0.1999465037986526,0
24,EMBR3.SA,0.2639329667311428,0.2086228750769877,0.5736370233478536,0.9731086337207447,,0.5779914270368594,0.6435584081353871,0.43039615978650186,0.6069281538655877,0.4525119631187891,0.3948006770047086,0.3787142325719989,0.4389396388764401,0.4992767337786771,0.5946470932767328,,0.5936118414698054,0.4406211725046238,0.308238645360973,0.20044829400103867,0.19081581924396152,0.2496700170352164,0.13778575043732352,0.233678065904256,0.10143176486191512,0.5425809927516554,0
25,CPLE6.SA,0.19918932249706164,0.11339934858504744,0.4231702816653032,0.6505276875419319,,0.4718445577071507,0.4462415874058808,0.41827149222177146,0.4145034667367573,0.5088582462715483,0.40106284628367395,0.5320259307021439,0.4979333345483962,0.4631324921552801,0.09106829023986725,,0.4690079785369183,0.21411259021963816,0.19074423080579478,0.28617063648740027,0.22295743786959732,0.2877750851782316,0.36851960805801975,0.1814938153076534,0.15613340583364355,0.2155836513427797,0
26,AZUL4.SA,0.004448465675437582,0.13338445625263096,0.28672716405862647,0.06411544435113886,,0.3429929351419887,0.0,0.4482749068734772,0.47071693217184185,0.1403715736755979,0.49158311118871933,0.5848094591540761,0.8177685876560996,0.49736836586245914,0.6431646911670583,,0.0,0.00563454184788522,0.16697408104981312,0.22822745351172158,0.25175001544517395,0.022676022146456917,0.02912810401169072,0.04781869535996581,0.29275570184071664,0.6229020817456499,0
27,CCRO3.SA,0.14828276515522737,0.2129694713943845,0.5818164421782369,0.6086150587805542,,0.5212771142291013,0.4208026772758451,0.5051306926289925,0.4728455718985181,0.45102416081312346,0.5723681347753728,0.5136732763008328,0.5724817922099671,0.46439709356847336,0.12669456970157195,,0.45967641170934526,0.2197471320675234,0.17968025720380182,0.3580735084369644,0.7505491549255302,0.3389714650759024,0.44870371460705605,0.19154609243666781,0.2803892310815736,0.30359171436718385,0
28,PRIO3.SA,0.1741176335471829,0.19087662253965962,0.05368167041624451,0.289456558090129,,0.45059257515954376,0.7374546741110237,0.5489712985127633,0.4248860156076886,1.0,0.5916790232921825,0.5324974598580466,0.7034748252817298,0.9732215767530352,0.22022668982227164,,1.0,1.0,0.128721818202092,0.4407618402726689,0.25350864430707715,0.6875276405436063,0.8142777840571518,0.12465071849530444,0.18001478304545324,0.0,0
29,BRAP4.SA,0.03285047796027161,0.02102416829251813,0.13013040817212698,0.19155707513742667,,0.4072871077052772,0.6078606882416507,0.0,0.45923748221726607,0.4036460019096376,0.25962445738704076,1.0,0.23943278596476286,0.5120375955632054,0.0,,0.5787911176848363,0.8587041776177068,0.0,0.14608141512595285,0.0,1.0,1.0,0.0211223274175716,3.90291953059743e-05,0.45767409842407686,0
30,GOLL4.SA,0.025718968581587107,0.12790632379689562,0.28672716405862647,0.04409827736408306,,0.3422549339329107,0.0,0.444575855752034,0.8472472348446349,0.054037839463590163,0.4773868342310647,0.4436003454658014,0.31866328213962164,0.49736836586245914,0.5568021992303923,,0.4053337578311257,0.0,0.16534386352954805,0.07156142549187147,0.25175001544517395,0.0,0.0294553860792378,0.05643559718473728,0.281679267381592,0.2829357863992554,0
31,YDUQ3.SA,0.02274932067788069,0.03323669669145163,0.373836678632725,0.4444814044446262,,0.4635022999148303,0.48290642659714955,0.44060280084381725,0.4408290927442235,0.4527764567328561,0.7079927378729666,0.5385626191967167,0.6119669836720274,0.46896109789603346,0.21888384415262357,,0.48657328080058526,0.314407435111995,0.044429916857696844,0.07102676252747758,0.5265487736786999,0.2590209540028275,0.3796471983546207,0.02775141405267002,0.04380818999982993,0.49911215585316215,0
32,HYPE3.SA,0.08811507282935986,0.09180179110559415,0.5343102402722665,0.5026587265501925,,0.4660678844924297,0.5653686492323371,0.5749331573095587,0.737187872650055,0.5034773702341845,0.6881346695162472,0.14086939095221127,0.4001827749209768,0.4316787275316873,0.12411397063207452,,0.49535593193241867,0.3887833875040798,0.05532731539896002,0.06455904660741876,0.24840097439511488,0.23611115843218028,0.20422401014938213,0.05198812050839592,0.07785785103558578,0.5299929426479703,0
33,TIMS3.SA,0.2584987442429695,0.22151190265775578,0.35829828502984495,0.5541031573969623,,0.5160955540543469,0.4616420440678561,0.484237903887508,0.41817428422459707,0.5138341101340567,0.6647883296801044,0.5302507713608859,0.6186258828909257,0.5125089307893033,0.1247094934942662,,0.5035896673685125,0.30088453467707044,0.21233850649123878,0.5391445071628806,0.19737015255015025,0.14657593696730403,0.21306062597315348,0.1595913125123568,0.12886048292244273,0.8402498003042796,0
34,FLRY3.SA,0.03832074178811653,0.03910627151538561,0.28672716405862647,0.4525579831412051,,0.46364434823361594,0.45532516359283287,0.4199840158891062,0.4233003962194502,0.47018371635015777,0.4692323346724118,0.4823489565230052,0.5895452214583937,0.48644691741754603,0.16750540114000456,,0.4887689435835435,0.27271182543764444,0.06438212503375618,0.09401988181772247,0.31589562087247053,0.4766640119239759,0.6751829053496401,0.07360035352820395,0.0448533725313249,0.5085249096106853,0
35,CRFB3.SA,0.09804130625438649,0.15118087344077974,0.23184417481257324,0.5151936128611049,,0.41998259622161527,0.4600628239491003,0.3538806023299829,0.4486268648041908,0.41730896364506376,0.38942007524559746,0.3645591149988951,0.4212519482307718,0.4648224494966182,0.6497154426511672,,0.4761438825815329,0.20284350652386773,0.9667601637983025,0.29543047534399974,0.33459825650818875,0.17462874787013735,0.17051395719203222,0.16507884927465824,0.2045687802718963,0.372200795191553,0
36,MULT3.SA,0.07195718330827951,0.07150546282522839,0.28745888189403307,0.6022013164765785,,0.547886735916346,0.48191482326676804,0.830441688475911,0.4968687916710078,0.8280987611580339,0.9271838392775946,1.0,0.7737574256311943,0.5873610895522808,0.05602585672148776,,0.5573834055509923,0.34708777782972916,0.021122315475090653,0.10815688370347026,0.2930640305175013,0.2714109454849122,0.11291231330374496,0.0019384396653753361,0.04494987045453118,0.511750804450435,0
37,MRFG3.SA,0.11832858463846578,0.3186323340825413,0.33881430952713903,1.0,,1.0,0.37815149205301346,0.367169785988501,0.4474756616867025,0.41852400016962965,0.35904398681089583,0.36083311010029134,0.4218241921801309,0.5119341292095168,1.0,,0.5326821992427108,0.15889408011036305,1.0,0.6236273916641368,0.9742192197948204,0.22605890119199842,0.21927898525654815,0.5990586697780479,0.5211434877986102,0.711207503129277,0
38,ALPA4.SA,0.033526403415279855,0.023948540129250042,0.9270282657924079,0.629872164674366,,0.48089946303067294,0.4112049363990656,0.43019065694642167,0.9144079903026261,0.44150224192672866,0.5992559289314907,0.43851522341956317,0.3219927317490707,0.4103071773642206,0.07406669637023694,,0.44046436235845954,0.18932060608894322,0.03531724568414752,0.0149480281922561,0.08068589218411816,0.44744233390019117,0.4807773572266704,0.03274507557820533,0.008740092004490158,0.48169347012591823,0
39,EGIE3.SA,0.18375343435852692,0.21530021639850927,0.2528441821502246,0.47907177145059615,,0.5913105888507726,0.5192162473121089,0.6610388473031528,0.4765815518269703,0.6428842139303103,0.6671518425997138,0.8043016861289325,0.6429724831600221,0.6706630120294268,0.1667931090891478,,0.6517969052182021,0.5859923521800623,0.09592561444730459,0.3544661005200903,0.6280445976478429,0.23891643952246366,0.33317314476293436,0.1670179181874634,0.2203999032429383,0.2997048738822051,0
40,BPAC11.SA,0.7253304992177085,0.8231024718985087,1.0,0.511233970657773,,0.624748162499704,0.491732920439188,0.7452265107893312,0.45923748221726607,0.6645151868205301,0.25962445738704076,0.7888521442838171,0.3699576099829317,0.5735310984388264,0.0874134146346514,,0.45934706229190153,0.5330276588099413,0.29213184305585815,0.14608141512595285,0.25175001544517395,0.3312569420776233,0.3704833004633022,1.0,1.0,0.47489455535997815,1
41,BRML3.SA,0.09804130625438649,0.12105546689654749,0.28672716405862647,0.46242025782440205,,0.46364434823361594,0.45947520716072604,0.44087680463059087,0.45923748221726607,0.47803599320959805,0.47699924851112874,0.4929352437336722,0.4994419757958828,0.49736836586245914,0.16622094006468913,,0.4887689435835435,0.3020114430466475,0.12620795779658664,0.14608141512595285,0.25175001544517395,0.3312569420776233,0.3704833004633022,0.14079390339582945,0.08453644966114807,0.47489455535997815,0
42,TOTS3.SA,0.1360031609486468,0.09515777321139358,0.8771355444966393,1.0,,0.8033849684070257,0.43821082463143257,0.6411735727620691,0.8104956183391625,0.5225460046707409,0.7879950130989095,0.5048806443937057,0.5984410946336405,0.5350761036512113,0.10840851475662619,,0.4975515947153771,0.27271182543764444,0.04513821535265229,0.05777564744994253,0.09732405046021092,0.5304318994877396,0.6958016756051065,0.05807558397818532,0.01329242706145622,0.4627009732801662,0
43,COGN3.SA,0.02940150777714719,0.04654941028827657,0.13350051229787055,0.7380267908862196,,0.3826999926323577,0.42217378311538506,0.4581390431973256,0.4592049009969597,0.5286790461756932,0.7759798329817347,0.5035215309443393,0.4567313956314637,0.4487391796287936,0.041044369815762705,,0.4541872547519494,0.1341020959796681,0.053717485092881836,0.08741558417378884,0.1567534720526297,0.2641639693350136,0.36099212050443674,0.042436342273303736,0.056898988322362704,0.4795609660528271,0
44,USIM5.SA,0.03462901382125394,0.043688684164062894,0.6363148763234432,0.3454273157036281,,0.3678371075036629,0.5783574286586931,0.360182689425775,0.44221922481062437,0.4080267458417464,0.31795990809740327,0.38250496270606954,0.31158820692180733,0.3661155480776461,0.2518944937882313,,0.4377197838797617,0.20622423163259887,0.21859182339915706,0.09146276990122246,0.09769412714245489,0.9376652044272032,0.7818768593699903,0.19646859476543937,0.0705189379482326,0.42521156179943886,0
45,CSAN3.SA,0.08383630882724814,0.3519799817914385,0.28672716405862647,0.2469218014267021,,0.5169632597873676,0.38990382782049865,0.47430526661696615,0.4462592961286019,0.1955606651344705,0.49745009502775,0.5505172701493088,0.5119274274381119,0.06768409525501665,0.27511988541370835,,0.09519638973825686,0.3583568615254996,0.36090880853887963,0.6942369161509822,0.5898074184626019,0.43996158432610233,0.5599796175730654,0.5291570232828835,0.5471965068715117,0.30340235767204876,0
46,BRFS3.SA,0.1781788681413222,0.17254901691346936,0.21663541188954233,0.5486552484097612,,0.5246119125964595,0.4606994088031724,0.3793629544999248,0.39979847597186075,0.4535203582989667,0.4590183109940993,0.4439886598959239,0.667839309930595,0.6476935045030697,0.4532162519656324,,0.5540899113765549,0.3110267100032638,0.5236314074212608,0.4955684308362558,0.4232270341781548,0.2816969761492844,0.27328052640181744,0.3892127020722471,0.1962433093761111,0.7294098031049566,0
47,IGTI11.SA,0.09804130625438649,0.11208794173494675,1.0,0.5492498362845393,,0.8955454293190527,0.38274224821218733,1.0,1.0,0.6821455982275118,0.7878581953397722,0.9380402339608644,0.5034477354640461,0.46640893933464156,0.012494303187159633,,0.4345909644140459,0.3335648773948047,0.010555157309027008,0.04329181553115796,0.28631701265774756,1.0,1.0,0.06792239334231594,0.03369602467637185,0.45812895583849306,0
48,SEER3.SA,0.006949890183350485,0.010420307496852405,0.5772824003684568,0.5254669396493482,,0.4358885558511744,0.4583856676989488,0.4190935035820922,0.41908655839317266,0.4275913143801915,0.6929528919954513,0.5390711217858439,0.6179495884390064,0.409479443085833,0.1907541466032147,,0.45144267627325146,0.21749331532836927,0.017197533034399692,0.02826914338693876,0.41375184771871826,0.23587738500799008,0.3531373508833067,0.009294988886639675,0.013821890598355776,0.46584048109051074,0
49,CIEL3.SA,0.09804130625438649,0.12105546689654749,0.28672716405862647,0.46242025782440205,,0.46364434823361594,0.45947520716072604,0.44087680463059087,0.45923748221726607,0.47803599320959805,0.47699924851112874,0.4929352437336722,0.4994419757958828,0.49736836586245914,0.16622094006468913,,0.4887689435835435,0.3020114430466475,0.12620795779658664,0.14608141512595285,0.25175001544517395,0.3312569420776233,0.3704833004633022,0.14079390339582945,0.08453644966114807,0.47489455535997815,0
50,AALR3.SA,0.004974774680710536,0.006041002006311981,0.28672716405862647,0.43657831323390234,,0.40391783760332145,0.44925312344629886,0.41491494583379523,0.48518299398782566,0.35697868070079575,0.4722266243519172,0.39545814321510764,0.42296869568564405,0.2859866087254256,0.1149592662407351,,0.3949043596120735,0.19270133119767435,0.010378780053771765,0.012805311481139097,0.2431495556892231,0.17065459965890262,0.2621529361052165,0.003455311151334417,0.007236163183082124,0.44240093970023003,0
51,AMAR3.SA,0.004049260278956047,0.00528444279854238,0.28672716405862647,0.0,,0.5822965131738641,0.34470630318137857,0.3962826883331926,0.0,0.2161584271699706,0.6327630944059551,0.5474199892832482,0.23464670215117978,0.0,0.0321232038017534,,0.41631207174591756,0.04958396826138989,0.011605430116057745,0.0035668201311009093,0.6866665792062749,0.09327559625192076,0.041892104646027106,0.002548818071878044,0.005214239925832607,0.4419936790343079,0
52,ALSO3.SA,0.09804130625438649,0.12105546689654749,0.28672716405862647,0.46242025782440205,,0.46364434823361594,0.45947520716072604,0.44087680463059087,0.45923748221726607,0.47803599320959805,0.47699924851112874,0.4929352437336722,0.4994419757958828,0.49736836586245914,0.16622094006468913,,0.4887689435835435,0.3020114430466475,0.12620795779658664,0.14608141512595285,0.25175001544517395,0.3312569420776233,0.3704833004633022,0.14079390339582945,0.08453644966114807,0.47489455535997815,0
53,ARZZ3.SA,0.09804130625438649,0.12105546689654749,0.28672716405862647,0.46242025782440205,,0.46364434823361594,0.45947520716072604,0.44087680463059087,0.45923748221726607,0.47803599320959805,0.47699924851112874,0.4929352437336722,0.4994419757958828,0.49736836586245914,0.16622094006468913,,0.4887689435835435,0.3020114430466475,0.12620795779658664,0.14608141512595285,0.25175001544517395,0.3312569420776233,0.3704833004633022,0.14079390339582945,0.08453644966114807,0.47489455535997815,0
54,BEEF3.SA,0.018263474928867696,0.07380578499000309,0.28672716405862647,0.3566395000311619,,0.0,0.32438455591676874,0.3653887613744728,0.41878246700364746,0.3775681771817071,0.4122952324418183,0.3904839729038203,0.5092222496304345,0.0,0.7562322965514198,,0.32628989764462474,0.1994627814151366,0.31398221017283146,0.18090917283992491,0.25175001544517395,0.28683999148147055,0.34331888885689404,0.3559905573473839,0.22428279387812516,0.4723143906745355,0
55,BBSE3.SA,0.399514675450444,0.2550386109562711,0.2097347951554027,0.44224774823333773,,0.9005807887055053,0.4114742607604038,0.7753669273344239,0.44421753965607563,1.0,1.0,1.0,1.0,1.0,0.06187599307360644,,0.6699111231776086,0.5916268940279475,0.08443966644643422,0.5108764808254664,0.25175001544517395,0.5241200170346022,0.7779494745594253,0.1934313426951539,0.0,0.83348098343727,0
56,BIDI11.SA,0.09804130625438649,0.12105546689654749,0.28672716405862647,0.46242025782440205,,0.46364434823361594,0.45947520716072604,0.44087680463059087,0.45923748221726607,0.47803599320959805,0.47699924851112874,0.4929352437336722,0.4994419757958828,0.49736836586245914,0.16622094006468913,,0.4887689435835435,0.3020114430466475,0.12620795779658664,0.14608141512595285,0.25175001544517395,0.3312569420776233,0.3704833004633022,0.14079390339582945,0.08453644966114807,0.47489455535997815,0
57,BIDI3.SA,0.09804130625438649,0.12105546689654749,0.28672716405862647,0.46242025782440205,,0.46364434823361594,0.45947520716072604,0.44087680463059087,0.45923748221726607,0.47803599320959805,0.47699924851112874,0.4929352437336722,0.4994419757958828,0.49736836586245914,0.16622094006468913,,0.4887689435835435,0.3020114430466475,0.12620795779658664,0.14608141512595285,0.25175001544517395,0.3312569420776233,0.3704833004633022,0.14079390339582945,0.08453644966114807,0.47489455535997815,0
58,BIDI4.SA,0.09804130625438649,0.12105546689654749,0.28672716405862647,0.46242025782440205,,0.46364434823361594,0.45947520716072604,0.44087680463059087,0.45923748221726607,0.47803599320959805,0.47699924851112874,0.4929352437336722,0.4994419757958828,0.49736836586245914,0.16622094006468913,,0.4887689435835435,0.3020114430466475,0.12620795779658664,0.14608141512595285,0.25175001544517395,0.3312569420776233,0.3704833004633022,0.14079390339582945,0.08453644966114807,0.47489455535997815,0
59,BMGB4.SA,0.011756477441235362,0.027708102671197166,0.18567280183944468,0.2841694061860561,,0.39684456558420417,0.4148652993099802,0.556437901702343,0.45923748221726607,0.5064529698861828,0.25962445738704076,0.6181031158286965,0.30144378494075214,0.44489942828079254,0.04411539947765334,,0.45254050766473064,0.2017165981542907,0.018073405694402588,0.14608141512595285,0.25175001544517395,0.3312569420776233,0.3704833004633022,0.012256195613070862,0.04300730986789192,0.47489455535997815,0
60,BOVA11.SA,0.09804130625438649,0.12105546689654749,0.28672716405862647,0.46242025782440205,,0.46364434823361594,0.45947520716072604,0.44087680463059087,0.45923748221726607,0.4036460019096376,0.25962445738704076,0.3309973339022908,0.4994419757958828,0.49736836586245914,0.16622094006468913,,0.4887689435835435,0.3020114430466475,0.12620795779658664,0.14608141512595285,0.25175001544517395,0.3312569420776233,0.3704833004633022,0.14079390339582945,0.08453644966114807,0.47489455535997815,0
61,BPAN4.SA,0.062341732674847654,0.12105546689654749,0.43740577711594497,0.4385106755178738,,0.4781206589453948,0.4120741195652025,0.5697955863075544,0.45923748221726607,0.4753662190773884,0.25962445738704076,0.6206086923237873,0.33088860752545,0.46860472643477136,0.08478610788968792,,0.4558340018391682,0.2310162157632938,0.07453066165576985,0.14608141512595285,0.25175001544517395,0.3312569420776233,0.3704833004633022,0.0014002975198869558,0.16432270530286294,0.47489455535997815,0
62,BRDT3.SA,0.09804130625438649,0.12105546689654749,0.28672716405862647,0.46242025782440205,,0.46364434823361594,0.45947520716072604,0.44087680463059087,0.45923748221726607,0.47803599320959805,0.47699924851112874,0.4929352437336722,0.4994419757958828,0.49736836586245914,0.16622094006468913,,0.4887689435835435,0.3020114430466475,0.12620795779658664,0.14608141512595285,0.25175001544517395,0.3312569420776233,0.3704833004633022,0.14079390339582945,0.08453644966114807,0.47489455535997815,0
63,BRPR3.SA,0.00021792652113206013,0.12105546689654749,0.28672716405862647,0.11189159689858885,,0.3471621177240037,1.0,0.44087680463059087,0.45923748221726607,0.47803599320959805,0.47699924851112874,0.4929352437336722,0.4994419757958828,0.49736836586245914,0.16622094006468913,,0.4887689435835435,0.3020114430466475,0.12620795779658664,0.14608141512595285,0.25175001544517395,0.3312569420776233,0.3704833004633022,0.14079390339582945,0.08453644966114807,0.47489455535997815,0
64,BTOW3.SA,0.09804130625438649,0.12105546689654749,0.28672716405862647,0.46242025782440205,,0.46364434823361594,0.45947520716072604,0.44087680463059087,0.45923748221726607,0.47803599320959805,0.47699924851112874,0.4929352437336722,0.4994419757958828,0.49736836586245914,0.16622094006468913,,0.4887689435835435,0.3020114430466475,0.12620795779658664,0.14608141512595285,0.25175001544517395,0.3312569420776233,0.3704833004633022,0.14079390339582945,0.08453644966114807,0.47489455535997815,0
65,CAML3.SA,0.008775144061852648,0.017863492478166626,0.19171664809833702,0.2956391782707679,,0.38599878659396625,0.46202154657701455,0.35662064019771866,0.42323523377883765,0.4182677688039298,0.4077354004425716,0.3574861776603545,0.44689911475355937,0.4292645126122855,0.4202990176809568,,0.4591274960136057,0.2197471320675234,0.10120608438522107,0.04473818596757809,0.48747356960969973,0.3247112862002955,0.3043723228187907,0.07568958938829143,0.04497448991429127,0.46702445723673797,0
66,CEPE3.SA,0.09804130625438649,0.12105546689654749,0.28672716405862647,0.46242025782440205,,0.46364434823361594,0.45947520716072604,0.44087680463059087,0.45923748221726607,0.47803599320959805,0.47699924851112874,0.4929352437336722,0.4994419757958828,0.49736836586245914,0.16622094006468913,,0.4887689435835435,0.3020114430466475,0.12620795779658664,0.14608141512595285,0.25175001544517395,0.3312569420776233,0.3704833004633022,0.14079390339582945,0.08453644966114807,0.47489455535997815,0
67,CGAS5.SA,0.09906494099752967,0.09173194756541103,0.24774625335837253,0.813748455287666,,1.0,0.4691219161032035,0.44053429989712395,0.4333788537008564,0.5011216871763523,0.43052696831852627,0.525526243377805,0.9709752923409054,1.0,1.0,,1.0,0.8891307035962868,0.12289803807926994,0.20040785375010825,1.0,0.3964797274267107,0.5226694618726976,0.054615684984319963,0.07207637148883507,0.37937129123341146,0
68,CIEL3.SA,0.09804130625438649,0.12105546689654749,0.28672716405862647,0.46242025782440205,,0.46364434823361594,0.45947520716072604,0.44087680463059087,0.45923748221726607,0.47803599320959805,0.47699924851112874,0.4929352437336722,0.4994419757958828,0.49736836586245914,0.16622094006468913,,0.4887689435835435,0.3020114430466475,0.12620795779658664,0.14608141512595285,0.25175001544517395,0.3312569420776233,0.3704833004633022,0.14079390339582945,0.08453644966114807,0.47489455535997815,0
69,CLSC3.SA,0.019967525541863592,0.027065817385736064,0.10904112761188867,0.46242025782440205,,0.42756626377386997,1.0,0.3743623853913071,0.3825087083960002,0.45880204768126387,0.39059042452568415,0.46825854661859584,0.626845461614253,0.5954774731786024,1.0,,1.0,0.3020114430466475,0.09109219463310479,0.09598293332474883,0.34190803560375155,0.24031908006760527,0.3410279143840644,0.02244591842782657,0.035255985324737275,0.4372609283870385,0
70,CMIN3.SA,0.15043819800083366,0.08886702532310188,0.18791933688904636,0.5763682221053392,,0.5830973516724473,0.36098818502591523,0.4245735793175635,0.377165388265772,0.5803635590199879,0.642224761003832,0.5908006716262969,0.7804163248500925,0.7251782841618243,0.036560432971025035,,0.46187207449230366,0.16002098847994012,0.13940113136667315,0.32856349825181286,0.29728779827104623,0.46474156729027183,0.6476912116756848,0.4286409793245289,0.0812080774787932,0.6930216578258652,0
71,CNTO3.SA,0.09804130625438649,0.12105546689654749,0.28672716405862647,0.46242025782440205,,0.46364434823361594,0.45947520716072604,0.44087680463059087,0.45923748221726607,0.47803599320959805,0.47699924851112874,0.4929352437336722,0.4994419757958828,0.49736836586245914,0.16622094006468913,,0.4887689435835435,0.3020114430466475,0.12620795779658664,0.14608141512595285,0.25175001544517395,0.3312569420776233,0.3704833004633022,0.14079390339582945,0.08453644966114807,0.47489455535997815,0
72,COGN3.SA,0.02940150777714719,0.04654941028827657,0.13350051229787055,0.7380267908862196,,0.3826999926323577,0.42217378311538506,0.4581390431973256,0.4592049009969597,0.5286790461756932,0.7759798329817347,0.5035215309443393,0.4567313956314637,0.4487391796287936,0.041044369815762705,,0.4541872547519494,0.1341020959796681,0.053717485092881836,0.08741558417378884,0.1567534720526297,0.2641639693350136,0.36099212050443674,0.042436342273303736,0.056898988322362704,0.4795609660528271,0
73,CRPG5.SA,0.0033391621487766027,0.0021378807080239155,0.28672716405862647,0.46242025782440205,,0.4406668542063034,0.5867064838601774,0.3798424611267786,0.0,0.26720649231092125,0.27613864894431245,0.28430670179819956,0.1159310145142606,0.1402140206870218,0.28694860422547724,,0.2033327817989563,0.3020114430466475,0.00599874681580403,0.0025995267374000312,0.004902751418488359,0.6725661413954285,0.4087753023663114,0.003978874291439544,7.976347042360173e-05,0.4640234253542855,0
74,CTSA3.SA,0.0,0.0011129246666258532,0.28672716405862647,0.46242025782440205,,0.36463300855986414,0.5679884407471724,0.4990341083732806,0.22416397770752824,0.0,0.0,0.0,0.0,0.0,0.16555535568929833,,0.0,0.3020114430466475,0.0009412924967708147,0.0,0.5109657927197491,0.011454897785323602,0.0,0.0,0.001782322374604012,0.4558067699263004,0
75,CYRE3.SA,0.050084102838782556,0.05163702061164673,0.12295129264506097,0.35837442513113094,,0.4314154105401967,0.650401695316662,0.44087680463059087,0.5004961675317726,0.5729410909991698,0.507382944265549,0.4613705226745269,0.49595647384278585,0.5922355159334299,0.26790354955420875,,0.6825361841796191,0.5352814755490954,0.0689173707627583,0.07771149765548062,0.1817229434066777,0.7270353492317632,0.5661979768564601,0.09015484257941658,0.05054373000229237,0.3789853441102734,0
76,DIRR3.SA,0.038564865242451944,0.029533416009038894,0.27906609094499835,0.46242025782440205,,0.6325518913323722,0.49176964648846133,0.4774563101648621,0.5178945391753207,0.554608090921024,0.541019289780552,0.5215228498961543,0.5091702269802868,0.7249023738853213,0.24124514378197937,,0.630389193084358,0.602895977723718,0.02958191425148143,0.04258312261510238,0.26279726318290325,0.8345711243592908,0.7858042441805553,0.048670532228455514,0.01660100739528576,0.44224583597222855,0
77,DOHL3.SA,0.002090411290040076,0.002185406562928934,0.28672716405862647,0.46242025782440205,,0.4014086499775817,0.4505140511380186,0.3866925557961177,1.0,0.39824032920850716,0.4128044136817342,0.3079848619602941,0.2235138550195844,0.3461235492926947,0.09955741025581591,,0.4146653246586987,0.3020114430466475,0.005404523456491977,0.0040190330212722045,0.06763533678630791,1.0,0.84144219566356,0.0021278198629598255,0.0012541310067260315,0.45585284521979347,0
78,ELET6.SA,0.5253428209645952,0.58986745718783,0.28699140718722643,0.45010854003366557,,0.4216791616026606,0.9996174558409145,0.582125756712365,0.4979548323478835,0.5950431839698468,0.6667490574397804,0.5848464418329704,0.4170901414212255,0.4481873648239183,0.21928085939408476,,0.6561882307841188,0.6986831891377667,0.3452992331276497,0.8627834184054571,0.18815493731377755,0.4761964650755953,0.4127026871768764,0.8090814833702151,0.6107304855466346,0.8637887434212898,1
79,ENGI11.SA,0.11905525627725141,0.548751949368403,0.9388178853288229,0.4526973837563707,,0.8819988886110642,0.43428113735917967,0.6174722452061553,0.6682677312955253,0.4923106059846016,0.4591779051140729,0.5415859531963282,0.5487074306879647,0.600259906475061,0.17494359845796778,,0.5013940045855542,0.7009370058769206,0.2816179486496496,0.43585211874195395,0.5091307017334153,0.26369642248663305,0.3737561211387731,0.2573125801697564,0.31013635539717505,0.3056378144744505,0
80,ESTC3.SA,0.09804130625438649,0.12105546689654749,0.28672716405862647,0.46242025782440205,,0.46364434823361594,0.45947520716072604,0.44087680463059087,0.45923748221726607,0.47803599320959805,0.47699924851112874,0.4929352437336722,0.4994419757958828,0.49736836586245914,0.16622094006468913,,0.4887689435835435,0.3020114430466475,0.12620795779658664,0.14608141512595285,0.25175001544517395,0.3312569420776233,0.3704833004633022,0.14079390339582945,0.08453644966114807,0.47489455535997815,0
81,EVEN3.SA,0.007651724741906732,0.007717640725462783,0.7490105032346421,0.2906716777357097,,0.41115018306624,0.45515377536289037,0.3951866731860984,0.5091844929467778,0.4159368815833089,0.4596490801542751,0.37410064615363214,0.3689171569799788,0.41203161659236476,0.12445260127920311,,0.43991544666272,0.2783463672855296,0.01735820947607961,0.014086581749887295,0.1556279495810117,0.9643153747848949,0.5632524382485363,0.025807334199233693,0.009080839070023692,0.49425085401971386,0
82,FESA4.SA,0.013793317531592287,0.0076970209539501035,0.4108845751087936,0.2941355646656395,,0.40755188644872065,0.4588875903723518,0.38977509839732044,0.4585967182179093,0.516462556493322,0.38425985776673005,0.3327170285633338,0.3198077804428698,0.461339082255767,0.07858566397157413,,0.4503448448817723,0.27158491706806737,0.01889904144807461,0.017310651992218894,0.0364907842632468,0.662046337306866,0.618890389731541,0.024947788929734756,0.00329041230868082,0.4580921868721804,0
83,FLRY3.SA,0.03832074178811653,0.03910627151538561,0.28672716405862647,0.4525579831412051,,0.46364434823361594,0.45532516359283287,0.4199840158891062,0.4233003962194502,0.47018371635015777,0.4692323346724118,0.4823489565230052,0.5895452214583937,0.48644691741754603,0.16750540114000456,,0.4887689435835435,0.27271182543764444,0.06438212503375618,0.09401988181772247,0.31589562087247053,0.4766640119239759,0.6751829053496401,0.07360035352820395,0.0448533725313249,0.5085249096106853,0
84,GNDI3.SA,0.09804130625438649,0.12105546689654749,0.28672716405862647,0.46242025782440205,,0.46364434823361594,0.45947520716072604,0.44087680463059087,0.45923748221726607,0.47803599320959805,0.47699924851112874,0.4929352437336722,0.4994419757958828,0.49736836586245914,0.16622094006468913,,0.4887689435835435,0.3020114430466475,0.12620795779658664,0.14608141512595285,0.25175001544517395,0.3312569420776233,0.3704833004633022,0.14079390339582945,0.08453644966114807,0.47489455535997815,0
85,GOAU3.SA,0.045897996495670515,0.20943958831184534,0.19182951806400028,0.46242025782440205,,0.3834747222560871,0.5762273178008364,0.38566504159571685,0.43731032095114625,0.40662160172694706,0.35691607281096743,0.40426001524455624,0.4994419757958828,0.42304503857832404,0.7824353024878554,,0.4860243651048456,0.3020114430466475,0.5621905630427554,0.4406602767909339,0.08676310183386013,0.5589522572389536,0.36721047978783133,0.20639819792412104,0.13048403061456929,0.41142895593293366,0
86,GRND3.SA,0.026571335305734373,0.013426700268034173,0.16467237653760908,0.37809210301724316,,0.4514770957208404,0.39275621764739865,0.4199155149424128,0.44773631144915277,0.6245098860792201,0.6217511153272144,0.41187845264419004,0.6030710896877206,0.5673805985251121,0.03449361833165378,,0.4690079785369183,0.19833587304555955,0.02199800772660535,0.02942798370536571,0.015286307916160214,0.9848874361136395,1.0,0.04820054439526521,0.001622134548085122,0.4742067993629883,0
87,HGTX3.SA,0.09804130625438649,0.12105546689654749,0.28672716405862647,0.46242025782440205,,0.46364434823361594,0.45947520716072604,0.44087680463059087,0.45923748221726607,0.47803599320959805,0.47699924851112874,0.4929352437336722,0.4994419757958828,0.49736836586245914,0.16622094006468913,,0.4887689435835435,0.3020114430466475,0.12620795779658664,0.14608141512595285,0.25175001544517395,0.3312569420776233,0.3704833004633022,0.14079390339582945,0.08453644966114807,0.47489455535997815,0
88,HYPE3.SA,0.08811507282935986,0.09180179110559415,0.5343102402722665,0.5026587265501925,,0.4660678844924297,0.5653686492323371,0.5749331573095587,0.737187872650055,0.5034773702341845,0.6881346695162472,0.14086939095221127,0.4001827749209768,0.4316787275316873,0.12411397063207452,,0.49535593193241867,0.3887833875040798,0.05532731539896002,0.06455904660741876,0.24840097439511488,0.23611115843218028,0.20422401014938213,0.05198812050839592,0.07785785103558578,0.5299929426479703,0
89,IGTA3.SA,0.09804130625438649,0.12105546689654749,0.28672716405862647,0.46242025782440205,,0.46364434823361594,0.45947520716072604,0.44087680463059087,0.45923748221726607,0.47803599320959805,0.47699924851112874,0.4929352437336722,0.4994419757958828,0.49736836586245914,0.16622094006468913,,0.4887689435835435,0.3020114430466475,0.12620795779658664,0.14608141512595285,0.25175001544517395,0.3312569420776233,0.3704833004633022,0.14079390339582945,0.08453644966114807,0.47489455535997815,0
90,IRBR3.SA,0.021965285253966804,0.0,0.13363347540079662,0.4123174274641479,,0.4147157972536226,1.0,0.3303847776141495,0.2959512664490097,0.5017333332565971,0.3506463076118632,0.27304547607487606,0.4140208050625146,0.5223957271935913,0.8457592335009086,,0.897711136909539,0.8001049423997005,0.04896059645841286,0.040818490180986385,0.03156968193489511,0.2576183134576858,0.3037177586836965,0.1377750362939287,0.00430702338069301,0.3827346382885975,0
91,ITSA4.SA,0.6615501079782234,0.4979339468364281,0.19830459676620127,0.35500499206964176,,0.46807471241552456,0.4354441289195037,1.0,1.0,1.0,0.47699924851112874,0.32614335729741006,0.28635721639793593,0.5547577148713583,0.009236442823404922,,0.5013940045855542,0.3031383514162245,0.06773441859037127,0.09590544488448502,0.04202358358704308,0.4020902896072774,0.47914094688893505,0.2232458327619584,0.10226399783826427,0.47558231135696794,0
92,JHSF3.SA,0.019538270825957046,0.02870020341760252,0.068873263146174,0.3203076108403855,,0.3997103523216995,0.44314435725049145,0.6270623777432303,0.5312962811279663,0.9177139040107198,0.7062371797540966,0.7100420740513396,0.4261941051970629,0.5639432278266062,0.030126450675581163,,0.5118234028046063,0.2197471320675234,0.014287943972478517,0.0393156581188804,0.2636383465516395,0.4315457410552524,0.4068116099610288,0.056551904764597684,0.0434062921477299,0.4241135172811201,0
93,KLBN11.SA,0.7057901021492368,0.558619142699356,0.7503178615415986,0.46890507241318224,,1.0,0.3552956473885397,0.8271536430346283,0.7383173549540059,0.47803599320959805,0.4904507377094664,0.43330066569546266,0.4471072053541499,0.5411461412305403,0.03900090901412445,,0.46192696606187755,0.33018415228607356,0.16558933723578353,0.37373499405284827,1.0,0.3988174616686135,0.41663007198744145,0.19388638986168077,0.30907458584927244,0.22580471264808646,0
94,LCAM3.SA,0.09804130625438649,0.12105546689654749,0.28672716405862647,0.46242025782440205,,0.46364434823361594,0.45947520716072604,0.44087680463059087,0.45923748221726607,0.47803599320959805,0.47699924851112874,0.4929352437336722,0.4994419757958828,0.49736836586245914,0.16622094006468913,,0.4887689435835435,0.3020114430466475,0.12620795779658664,0.14608141512595285,0.25175001544517395,0.3312569420776233,0.3704833004633022,0.14079390339582945,0.08453644966114807,0.47489455535997815,0
95,LIGT3.SA,0.017044484659815715,0.03470370598267989,0.0,0.644922059145113,,0.380737609499402,0.5232561127321819,0.3712113418434111,0.3705405401368304,0.5343988099512015,0.3208782005769211,0.4545379819944692,0.4998061603582413,1.0,0.47989801157559475,,0.7829877564999642,0.1634017135886712,0.12620795779658664,0.14160336484143493,0.5571917346654965,0.2774890545138594,0.3704833004633022,0.10778181115854245,0.08385076387282457,0.47489455535997815,0
96,LREN3.SA,0.10013260316231436,0.07583153867006462,0.3942856184267089,0.5473752129856129,,0.5034076834482863,0.46238880706974844,0.4221760461832948,0.5130507977564552,0.4751182524397218,0.7219002254706689,0.4094930698555059,0.5448577649815692,0.49736836586245914,0.16504157125917213,,0.4920624377579811,0.2907423593508771,0.12199949830599831,0.10618190377710472,0.08894074313764284,0.3312569420776233,0.38553827557046827,0.04870907999320356,0.024401046639738695,0.5324904171479772,0
